track_title,release,authors,producers
Last Kiss,1961,"Wayne Cochran, Joe Carpenter, Randall Hoyal, Bobby McGlon",
Leaving Here,1963,Holland–Dozier–Holland,
"Love, Reign o'er Me",1973,Pete Townshend,"Glyn Johns, The Who"
Once,1991,"Eddie Vedder, Stone Gossard","Rick Parashar, Pearl Jam"
Alive,1991,"Eddie Vedder, Stone Gossard","Rick Parashar, Pearl Jam"
Black,1991,"Eddie Vedder, Stone Gossard","Rick Parashar, Pearl Jam"
Breath,1992,"Eddie Vedder, Stone Gossard","Rick Parashar, Pearl Jam"
State of Love and Trust,1992,"Eddie Vedder, Mike McCready, Jeff Ament","Rick Parashar, Pearl Jam"
Oceans,1992,"Eddie Vedder, Stone Gossard, Jeff Ament","Rick Parashar, Pearl Jam"
Jeremy,1992,,Rick ParasharPearl Jam
Even Flow,1992,"Eddie Vedder, Stone Gossard","Rick Parashar, Pearl Jam"
Yellow Ledbetter,1992,"Jeff Ament, Mike McCready, Eddie Vedder",Rick Parashar
Rearviewmirror,1993,Eddie Vedder,"Brendan O'Brien, Pearl Jam"
Elderly Woman Behind the Counter in a Small Town,1993,Eddie Vedder,"Brendan O'Brien, Pearl Jam"
Daughter,1993,"Eddie Vedder, Stone Gossard, Jeff Ament, Mike McCready, Dave Abbruzzese","Brendan O'Brien, Pearl Jam"
Glorified G,1993,"Eddie Vedder, Stone Gossard, Mike McCready, Jeff Ament, Dave Abbruzzese","Brendan O'Brien, Pearl Jam"
Go,1993,"Eddie Vedder, Dave Abbruzzese","Brendan O'Brien, Pearl Jam"
Nothingman,1994,"Eddie Vedder, Jeff Ament","Brendan O'Brien, Pearl Jam"
Dissident,1994,Eddie VedderJeff AmentStone GossardMike McCreadyDave Abbruzzese,Brendan O'BrienPearl Jam
Animal,1994,"Eddie Vedder, Stone Gossard","Brendan O'Brien, Pearl Jam"
Spin the Black Circle,1994,"Eddie Vedder, Stone Gossard","Brendan O'Brien, Pearl Jam"
Corduroy,1994,"Dave Abbruzzese, Jeff Ament, Stone Gossard, Mike McCready, Eddie Vedder","Brendan O'Brien, Pearl Jam"
Better Man,1994,Eddie Vedder,"Brendan O'Brien, Pearl Jam"
Tremor Christ,1994,"Eddie Vedder, Mike McCready, Jeff Ament","Brendan O'Brien, Pearl Jam"
Immortality,1995,Eddie Vedder,"Brendan O'Brien, Pearl Jam"
Not for You,1995,Eddie Vedder,"Brendan O'Brien, Pearl Jam"
Red Mosquito,1996,"Jeff Ament, Stone Gossard, Jack Irons, Mike McCready, Eddie Vedder","Brendan O'Brien, Pearl Jam"
"Hail, Hail",1996,"Stone Gossard, Eddie Vedder, Jeff Ament, Mike McCready","Brendan O'Brien, Pearl Jam"
Who You Are,1996,"Stone Gossard, Jack Irons, Eddie Vedder","Brendan O'Brien, Pearl Jam"
Off He Goes,1997,Eddie Vedder,"Brendan O'Brien, Pearl Jam"
Given to Fly,1997,"Mike McCready, Eddie Vedder","Brendan O'Brien, Pearl Jam"
Wishlist,1998,Eddie Vedder,"Brendan O'Brien, Pearl Jam"
Do the Evolution,1998,"Stone Gossard, Eddie Vedder","Brendan O'Brien, Pearl Jam"
In Hiding,1998,"Stone Gossard, Eddie Vedder","Brendan O'Brien, Pearl Jam"
Light Years,2000,"Stone Gossard, Mike McCready, Eddie Vedder","Tchad Blake, Pearl Jam"
Nothing as It Seems,2000,Jeff Ament,"Tchad Blake, Pearl Jam"
Grievance,2000,Eddie Vedder,"Tchad Blake, Pearl Jam"
1⁄2 Full,2002,"Jeff Ament, Eddie Vedder","Adam Kasper, Pearl Jam"
Save You,2002,"Eddie Vedder, Mike McCready, Jeff Ament, Stone Gossard, Matt Cameron","Adam Kasper, Pearl Jam"
Thumbing My Way,2002,Eddie Vedder,"Adam Kasper, Pearl Jam"
I Am Mine,2002,Eddie Vedder,"Adam Kasper, Pearl Jam"
Brother,2003,"Stone Gossard (Lost Dogs version)Eddie Vedder, Stone Gossard (Ten reissue version)",Rick Parashar
Man of the Hour,2003,Eddie Vedder,Adam Kasper
Love Boat Captain,2003,"Boom Gaspar, Eddie Vedder","Adam Kasper, Pearl Jam"
World Wide Suicide,2006,Eddie Vedder,"Adam Kasper, Pearl Jam"
Gone,2006,Eddie Vedder,"Adam Kasper, Pearl Jam"
Life Wasted,2006,"Stone Gossard, Eddie Vedder","Adam Kasper, Pearl Jam"
Just Breathe,2009,Eddie Vedder,Brendan O'Brien
The Fixer,2009,"Eddie Vedder, Matt Cameron, Mike McCready, Stone Gossard",Brendan O'Brien
Amongst the Waves,2010,,Brendan O'Brien
Mind Your Manners,2013,"Eddie Vedder, Mike McCready",Brendan O'Brien
Sirens,2013,"Mike McCready, Eddie Vedder",Brendan O'Brien
Can't Deny Me,2018,,Brendan O'Brien
Retrograde,2020,,Josh EvansPearl Jam
Superblood Wolfmoon,2020,,Josh EvansPearl Jam
Dance of the Clairvoyants,2020,,Josh EvansPearl Jam
Quick Escape,2020,,Josh EvansPearl Jam
