,track_name,album_name,compilation_name,track_is_single,track_from_album,track_from_compilation
0,Smells Like Teen Spirit - Remastered 2021,Nevermind (30th Anniversary Super Deluxe),,False,True,False
1,In Bloom - Remastered 2021,Nevermind (30th Anniversary Super Deluxe),,False,True,False
2,Come As You Are - Remastered 2021,Nevermind (30th Anniversary Super Deluxe),,False,True,False
3,Breed - Remastered 2021,Nevermind (30th Anniversary Super Deluxe),,False,True,False
4,Lithium - Remastered 2021,Nevermind (30th Anniversary Super Deluxe),,False,True,False
5,Polly - Remastered 2021,Nevermind (30th Anniversary Super Deluxe),,False,True,False
6,Territorial Pissings - Remastered 2021,Nevermind (30th Anniversary Super Deluxe),,False,True,False
7,Drain You - Remastered 2021,Nevermind (30th Anniversary Super Deluxe),,False,True,False
8,Lounge Act - Remastered 2021,Nevermind (30th Anniversary Super Deluxe),,False,True,False
9,Stay Away - Remastered 2021,Nevermind (30th Anniversary Super Deluxe),,False,True,False
10,On A Plain - Remastered 2021,Nevermind (30th Anniversary Super Deluxe),,False,True,False
11,Something In The Way - Remastered 2021,Nevermind (30th Anniversary Super Deluxe),,False,True,False
12,"Endless, Nameless - Remastered 2021",Nevermind (30th Anniversary Super Deluxe),,False,True,False
13,"Drain You - Live In Amsterdam, Netherlands/1991",Nevermind (30th Anniversary Super Deluxe),,False,True,False
14,"Aneurysm - Live In Amsterdam, Netherlands/1991",Nevermind (30th Anniversary Super Deluxe),,False,True,False
15,"School - Live In Amsterdam, Netherlands/1991",Nevermind (30th Anniversary Super Deluxe),,False,True,False
16,"Floyd The Barber - Live In Amsterdam, Netherlands/1991",Nevermind (30th Anniversary Super Deluxe),,False,True,False
17,"Smells Like Teen Spirit - Live In Amsterdam, Netherlands/1991",Nevermind (30th Anniversary Super Deluxe),,False,True,False
18,"About A Girl - Live In Amsterdam, Netherlands/1991",Nevermind (30th Anniversary Super Deluxe),,False,True,False
19,"Polly - Live In Amsterdam, Netherlands/1991",Nevermind (30th Anniversary Super Deluxe),,False,True,False
20,"Lithium - Live In Amsterdam, Netherlands/1991",Nevermind (30th Anniversary Super Deluxe),,False,True,False
21,"Sliver - Live In Amsterdam, Netherlands/1991",Nevermind (30th Anniversary Super Deluxe),,False,True,False
22,"Breed - Live In Amsterdam, Netherlands/1991",Nevermind (30th Anniversary Super Deluxe),,False,True,False
23,"Come As You Are - Live In Amsterdam, Netherlands/1991",Nevermind (30th Anniversary Super Deluxe),,False,True,False
24,"Been A Son - Live In Amsterdam, Netherlands/1991",Nevermind (30th Anniversary Super Deluxe),,False,True,False
25,"Negative Creep - Live In Amsterdam, Netherlands/1991",Nevermind (30th Anniversary Super Deluxe),,False,True,False
26,"On A Plain - Live In Amsterdam, Netherlands/1991",Nevermind (30th Anniversary Super Deluxe),,False,True,False
27,"Blew - Live In Amsterdam, Netherlands/1991",Nevermind (30th Anniversary Super Deluxe),,False,True,False
28,"Love Buzz - Live In Amsterdam, Netherlands/1991",Nevermind (30th Anniversary Super Deluxe),,False,True,False
29,"Territorial Pissings - Live In Amsterdam, Netherlands/1991",Nevermind (30th Anniversary Super Deluxe),,False,True,False
30,"Drain You - Live In Del Mar, California/1991",Nevermind (30th Anniversary Super Deluxe),,False,True,False
31,"Aneurysm - Live In Del Mar, California/1991",Nevermind (30th Anniversary Super Deluxe),,False,True,False
32,"School - Live In Del Mar, California/1991",Nevermind (30th Anniversary Super Deluxe),,False,True,False
33,"Floyd The Barber - Live In Del Mar, California/1991",Nevermind (30th Anniversary Super Deluxe),,False,True,False
34,"Smells Like Teen Spirit - Live In Del Mar, California/1991",Nevermind (30th Anniversary Super Deluxe),,False,True,False
35,"About A Girl - Live In Del Mar, California/1991",Nevermind (30th Anniversary Super Deluxe),,False,True,False
36,"Polly - Live In Del Mar, California/1991",Nevermind (30th Anniversary Super Deluxe),,False,True,False
37,"Sliver - Live In Del Mar, California/1991",Nevermind (30th Anniversary Super Deluxe),,False,True,False
38,"Breed - Live In Del Mar, California/1991",Nevermind (30th Anniversary Super Deluxe),,False,True,False
39,"Come As You Are - Live In Del Mar, California/1991",Nevermind (30th Anniversary Super Deluxe),,False,True,False
40,"Lithium - Live In Del Mar, California/1991",Nevermind (30th Anniversary Super Deluxe),,False,True,False
41,"Territorial Pissings - Live In Del Mar, California/1991",Nevermind (30th Anniversary Super Deluxe),,False,True,False
42,"Aneurysm - Live In Melbourne, Australia For Triple J/1992",Nevermind (30th Anniversary Super Deluxe),,False,True,False
43,"Drain You - Live In Melbourne, Australia For Triple J/1992",Nevermind (30th Anniversary Super Deluxe),,False,True,False
44,"School - Live In Melbourne, Australia For Triple J/1992",Nevermind (30th Anniversary Super Deluxe),,False,True,False
45,"Sliver - Live In Melbourne, Australia For Triple J/1992",Nevermind (30th Anniversary Super Deluxe),,False,True,False
46,"About A Girl - Live In Melbourne, Australia For Triple J/1992",Nevermind (30th Anniversary Super Deluxe),,False,True,False
47,"Come As You Are - Live In Melbourne, Australia For Triple J/1992",Nevermind (30th Anniversary Super Deluxe),,False,True,False
48,"Lithium - Live In Melbourne, Australia For Triple J/1992",Nevermind (30th Anniversary Super Deluxe),,False,True,False
49,"Breed - Live In Melbourne, Australia For Triple J/1992",Nevermind (30th Anniversary Super Deluxe),,False,True,False
50,About A Girl - Live Version,MTV Unplugged In New York (25th Anniversary),,False,True,False
51,Come As You Are - Live Version,MTV Unplugged In New York (25th Anniversary),,False,True,False
52,Jesus Doesn't Want Me For A Sunbeam - Live Version,MTV Unplugged In New York (25th Anniversary),,False,True,False
53,The Man Who Sold The World - Live Version,MTV Unplugged In New York (25th Anniversary),,False,True,False
54,Pennyroyal Tea - Live Version,MTV Unplugged In New York (25th Anniversary),,False,True,False
55,Dumb - Live Version,MTV Unplugged In New York (25th Anniversary),,False,True,False
56,Polly - Live Version,MTV Unplugged In New York (25th Anniversary),,False,True,False
57,On A Plain - Live Version,MTV Unplugged In New York (25th Anniversary),,False,True,False
58,Something In The Way - Live Version,MTV Unplugged In New York (25th Anniversary),,False,True,False
59,Plateau - Live Version,MTV Unplugged In New York (25th Anniversary),,False,True,False
60,Oh Me - Live Version,MTV Unplugged In New York (25th Anniversary),,False,True,False
61,Lake Of Fire - Live Version,MTV Unplugged In New York (25th Anniversary),,False,True,False
62,All Apologies - Live Version,MTV Unplugged In New York (25th Anniversary),,False,True,False
63,Where Did You Sleep Last Night - Live Version,MTV Unplugged In New York (25th Anniversary),,False,True,False
64,Come As You Are - Rehearsal,MTV Unplugged In New York (25th Anniversary),,False,True,False
65,Polly - Rehearsal,MTV Unplugged In New York (25th Anniversary),,False,True,False
66,Plateau - Rehearsal,MTV Unplugged In New York (25th Anniversary),,False,True,False
67,Pennyroyal Tea - Rehearsal,MTV Unplugged In New York (25th Anniversary),,False,True,False
68,The Man Who Sold The World - Rehearsal,MTV Unplugged In New York (25th Anniversary),,False,True,False
69,Radio Friendly Unit Shifter - Live & Loud,Live And Loud,,False,True,False
70,Drain You - Live & Loud,Live And Loud,,False,True,False
71,Breed - Live & Loud,Live And Loud,,False,True,False
72,Serve The Servants - Live & Loud,Live And Loud,,False,True,False
73,Rape Me - Live & Loud,Live And Loud,,False,True,False
74,Sliver - Live & Loud,Live And Loud,,False,True,False
75,Pennyroyal Tea - Live & Loud,Live And Loud,,False,True,False
76,Scentless Apprentice - Live & Loud,Live And Loud,,False,True,False
77,All Apologies - Live & Loud,Live And Loud,,False,True,False
78,Heart Shaped Box - Live & Loud,Live And Loud,,False,True,False
79,Blew - Live & Loud,Live And Loud,,False,True,False
80,The Man Who Sold The World - Live & Loud,Live And Loud,,False,True,False
81,School - Live & Loud,Live And Loud,,False,True,False
82,Come As You Are - Live & Loud,Live And Loud,,False,True,False
83,Lithium - Live & Loud,Live And Loud,,False,True,False
84,About A Girl - Live & Loud,Live And Loud,,False,True,False
85,"Endless, Nameless - Live & Loud",Live And Loud,,False,True,False
86,Jesus Doesn't Want Me For A Sunbeam - Live At The Paramount/1991,Live At The Paramount,,False,True,False
87,Aneurysm - Live At The Paramount/1991,Live At The Paramount,,False,True,False
88,Drain You - Live At The Paramount/1991,Live At The Paramount,,False,True,False
89,School - Live At The Paramount/1991,Live At The Paramount,,False,True,False
90,Floyd The Barber - Live At The Paramount/1991,Live At The Paramount,,False,True,False
91,Smells Like Teen Spirit - Live At The Paramount/1991,Live At The Paramount,,False,True,False
92,About A Girl - Live At The Paramount/1991,Live At The Paramount,,False,True,False
93,Polly - Live At The Paramount/1991,Live At The Paramount,,False,True,False
94,Breed - Live At The Paramount/1991,Live At The Paramount,,False,True,False
95,Sliver - Live At The Paramount/1991,Live At The Paramount,,False,True,False
96,Love Buzz - Live At The Paramount/1991,Live At The Paramount,,False,True,False
97,Lithium - Live At The Paramount/1991,Live At The Paramount,,False,True,False
98,Been A Son - Live At The Paramount/1991,Live At The Paramount,,False,True,False
99,Negative Creep - Live At The Paramount/1991,Live At The Paramount,,False,True,False
100,On A Plain - Live At The Paramount/1991,Live At The Paramount,,False,True,False
101,Blew - Live At The Paramount/1991,Live At The Paramount,,False,True,False
102,Rape Me - Live At The Paramount/1991,Live At The Paramount,,False,True,False
103,Territorial Pissings - Live At The Paramount/1991,Live At The Paramount,,False,True,False
104,"Endless, Nameless - Live At The Paramount/1991",Live At The Paramount,,False,True,False
105,Breed - 1992/Live at Reading,Live at Reading,,False,True,False
106,Drain You - 1992/Live at Reading,Live at Reading,,False,True,False
107,Aneurysm - 1992/Live at Reading,Live at Reading,,False,True,False
108,School - 1992/Live at Reading,Live at Reading,,False,True,False
109,Sliver - 1992/Live at Reading,Live at Reading,,False,True,False
110,In Bloom - 1992/Live at Reading,Live at Reading,,False,True,False
111,Come As You Are - 1992/Live at Reading,Live at Reading,,False,True,False
112,Lithium - 1992/Live at Reading,Live at Reading,,False,True,False
113,About A Girl - 1992/Live at Reading,Live at Reading,,False,True,False
114,Tourette's - 1992/Live at Reading,Live at Reading,,False,True,False
115,Polly - 1992/Live at Reading,Live at Reading,,False,True,False
116,Lounge Act - 1992/Live at Reading,Live at Reading,,False,True,False
117,Smells Like Teen Spirit - 1992/Live at Reading,Live at Reading,,False,True,False
118,On A Plain - 1992/Live at Reading,Live at Reading,,False,True,False
119,Negative Creep - 1992/Live at Reading,Live at Reading,,False,True,False
120,Been A Son - 1992/Live at Reading,Live at Reading,,False,True,False
121,All Apologies - 1992/Live at Reading,Live at Reading,,False,True,False
122,Blew - 1992/Live at Reading,Live at Reading,,False,True,False
123,Dumb - 1992/Live at Reading,Live at Reading,,False,True,False
124,Stay Away - 1992/Live at Reading,Live at Reading,,False,True,False
125,Spank Thru - 1992/Live at Reading,Live at Reading,,False,True,False
126,The Money Will Roll Right In - 1992/Live at Reading,Live at Reading,,False,True,False
127,D-7 - 1992/Live at Reading,Live at Reading,,False,True,False
128,Territorial Pissings - 1992/Live at Reading,Live at Reading,,False,True,False
129,"Intro - Live At London Astoria, UK, December 3, 1989",From The Muddy Banks Of The Wishkah (Live),,False,True,False
130,"School - Live In Amsterdam, Netherlands/1991",From The Muddy Banks Of The Wishkah (Live),,False,True,False
131,"Drain You - Live At Del Mar Fairgrounds, CA., December 28, 1991",From The Muddy Banks Of The Wishkah (Live),,False,True,False
132,"Aneurysm - Live In Del Mar, California/1991",From The Muddy Banks Of The Wishkah (Live),,False,True,False
133,"Smells Like Teen Spirit - Live In Del Mar, California/1991",From The Muddy Banks Of The Wishkah (Live),,False,True,False
134,"Been A Son - Live In Amsterdam, Netherlands/1991",From The Muddy Banks Of The Wishkah (Live),,False,True,False
135,"Lithium - Live In Amsterdam, Netherlands/1991",From The Muddy Banks Of The Wishkah (Live),,False,True,False
136,"Sliver - Live In Springfield, MA., November 10, 1993",From The Muddy Banks Of The Wishkah (Live),,False,True,False
137,"Spank Thru - Live In Rome, Italy, November 19, 1991",From The Muddy Banks Of The Wishkah (Live),,False,True,False
138,"Scentless Apprentice - Live In Seattle, WA., December 13, 1993",From The Muddy Banks Of The Wishkah (Live),,False,True,False
139,"Heart-Shaped Box - Live In Los Angeles, CA, December 30, 1993",From The Muddy Banks Of The Wishkah (Live),,False,True,False
140,"Milk It - Live In Seattle, WA., January 5, 1994",From The Muddy Banks Of The Wishkah (Live),,False,True,False
141,"Negative Creep - Live In Seattle, WA., October 31, 1991",From The Muddy Banks Of The Wishkah (Live),,False,True,False
142,"Polly - Live At London Astoria, UK, December 3, 1989",From The Muddy Banks Of The Wishkah (Live),,False,True,False
143,"Breed - Live At London Astoria, UK, December 3, 1989",From The Muddy Banks Of The Wishkah (Live),,False,True,False
144,"Tourette's - Live At Reading Festival, UK, August 30, 1992",From The Muddy Banks Of The Wishkah (Live),,False,True,False
145,"Blew - Live In Amsterdam, Netherlands/1991",From The Muddy Banks Of The Wishkah (Live),,False,True,False
146,About A Girl,MTV Unplugged In New York,,False,True,False
147,Come As You Are,MTV Unplugged In New York,,False,True,False
148,Jesus Doesn't Want Me For A Sunbeam,MTV Unplugged In New York,,False,True,False
149,The Man Who Sold The World,MTV Unplugged In New York,,False,True,False
150,Pennyroyal Tea,MTV Unplugged In New York,,False,True,False
151,Dumb,MTV Unplugged In New York,,False,True,False
152,Polly,MTV Unplugged In New York,,False,True,False
153,On A Plain,MTV Unplugged In New York,,False,True,False
154,Something In The Way,MTV Unplugged In New York,,False,True,False
155,Plateau,MTV Unplugged In New York,,False,True,False
156,Oh Me,MTV Unplugged In New York,,False,True,False
157,Lake Of Fire,MTV Unplugged In New York,,False,True,False
158,All Apologies,MTV Unplugged In New York,,False,True,False
159,Where Did You Sleep Last Night,MTV Unplugged In New York,,False,True,False
160,Serve The Servants,In Utero - 20th Anniversary Super Deluxe,,False,True,False
161,Scentless Apprentice,In Utero - 20th Anniversary Super Deluxe,,False,True,False
162,Heart-Shaped Box,In Utero - 20th Anniversary Super Deluxe,,False,True,False
163,Rape Me,In Utero - 20th Anniversary Super Deluxe,,False,True,False
164,Frances Farmer Will Have Her Revenge On Seattle,In Utero - 20th Anniversary Super Deluxe,,False,True,False
165,Dumb,In Utero - 20th Anniversary Super Deluxe,,False,True,False
166,Very Ape,In Utero - 20th Anniversary Super Deluxe,,False,True,False
167,Milk It,In Utero - 20th Anniversary Super Deluxe,,False,True,False
168,Pennyroyal Tea,In Utero - 20th Anniversary Super Deluxe,,False,True,False
169,Radio Friendly Unit Shifter,In Utero - 20th Anniversary Super Deluxe,,False,True,False
170,Tourette's,In Utero - 20th Anniversary Super Deluxe,,False,True,False
171,All Apologies,In Utero - 20th Anniversary Super Deluxe,,False,True,False
172,Gallons Of Rubbing Alcohol Flow Through The Strip,In Utero - 20th Anniversary Super Deluxe,,False,True,False
173,Marigold,In Utero - 20th Anniversary Super Deluxe,,False,True,False
174,Moist Vagina - 2013 Mix,In Utero - 20th Anniversary Super Deluxe,,False,True,False
175,Sappy - 2013 Mix,In Utero - 20th Anniversary Super Deluxe,,False,True,False
176,I Hate Myself And Want To Die - 2013 Mix,In Utero - 20th Anniversary Super Deluxe,,False,True,False
177,Pennyroyal Tea - Scott Litt Mix,In Utero - 20th Anniversary Super Deluxe,,False,True,False
178,Heart Shaped Box - Original Steve Albini 1993 Mix,In Utero - 20th Anniversary Super Deluxe,,False,True,False
179,All Apologies - Original Steve Albini 1993 Mix,In Utero - 20th Anniversary Super Deluxe,,False,True,False
180,Serve The Servants - 2013 Mix,In Utero - 20th Anniversary Super Deluxe,,False,True,False
181,Scentless Apprentice - 2013 Mix,In Utero - 20th Anniversary Super Deluxe,,False,True,False
182,Heart Shaped Box - 2013 Mix,In Utero - 20th Anniversary Super Deluxe,,False,True,False
183,Rape Me - 2013 Mix,In Utero - 20th Anniversary Super Deluxe,,False,True,False
184,Frances Farmer Will Have Her Revenge On Seattle - 2013 Mix,In Utero - 20th Anniversary Super Deluxe,,False,True,False
185,Dumb - 2013 Mix,In Utero - 20th Anniversary Super Deluxe,,False,True,False
186,Very Ape - 2013 Mix,In Utero - 20th Anniversary Super Deluxe,,False,True,False
187,Milk It - 2013 Mix,In Utero - 20th Anniversary Super Deluxe,,False,True,False
188,Pennyroyal Tea - 2013 Mix,In Utero - 20th Anniversary Super Deluxe,,False,True,False
189,Radio Friendly Unit Shifter - 2013 Mix,In Utero - 20th Anniversary Super Deluxe,,False,True,False
190,Tourette's - 2013 Mix,In Utero - 20th Anniversary Super Deluxe,,False,True,False
191,All Apologies - 2013 Mix,In Utero - 20th Anniversary Super Deluxe,,False,True,False
192,Scentless Apprentice - Demo,In Utero - 20th Anniversary Super Deluxe,,False,True,False
193,Frances Farmer Will Have Her Revenge On Seattle - Demo / Instrumental,In Utero - 20th Anniversary Super Deluxe,,False,True,False
194,Dumb - Demo / Instrumental,In Utero - 20th Anniversary Super Deluxe,,False,True,False
195,Very Ape - Demo / Instrumental,In Utero - 20th Anniversary Super Deluxe,,False,True,False
196,Pennyroyal Tea - Demo / Instrumental,In Utero - 20th Anniversary Super Deluxe,,False,True,False
197,Radio Friendly Unit Shifter - Demo / Instrumental,In Utero - 20th Anniversary Super Deluxe,,False,True,False
198,Tourette's - Demo / Instrumental,In Utero - 20th Anniversary Super Deluxe,,False,True,False
199,Marigold - Demo,In Utero - 20th Anniversary Super Deluxe,,False,True,False
200,All Apologies - Demo,In Utero - 20th Anniversary Super Deluxe,,False,True,False
201,Forgotten Tune - Demo / Instrumental,In Utero - 20th Anniversary Super Deluxe,,False,True,False
202,Jam - Demo,In Utero - 20th Anniversary Super Deluxe,,False,True,False
203,Radio Friendly Unit Shifter - Live & Loud,In Utero - 20th Anniversary Super Deluxe,,False,True,False
204,Drain You - Live & Loud,In Utero - 20th Anniversary Super Deluxe,,False,True,False
205,Breed - Live & Loud,In Utero - 20th Anniversary Super Deluxe,,False,True,False
206,Serve The Servants - Live & Loud,In Utero - 20th Anniversary Super Deluxe,,False,True,False
207,Rape Me - Live & Loud,In Utero - 20th Anniversary Super Deluxe,,False,True,False
208,Sliver - Live & Loud,In Utero - 20th Anniversary Super Deluxe,,False,True,False
209,Pennyroyal Tea - Live & Loud,In Utero - 20th Anniversary Super Deluxe,,False,True,False
210,Serve The Servants,In Utero - 20th Anniversary Remaster,,False,True,False
211,Scentless Apprentice,In Utero - 20th Anniversary Remaster,,False,True,False
212,Heart-Shaped Box,In Utero - 20th Anniversary Remaster,,False,True,False
213,Rape Me,In Utero - 20th Anniversary Remaster,,False,True,False
214,Frances Farmer Will Have Her Revenge On Seattle,In Utero - 20th Anniversary Remaster,,False,True,False
215,Dumb,In Utero - 20th Anniversary Remaster,,False,True,False
216,Very Ape,In Utero - 20th Anniversary Remaster,,False,True,False
217,Milk It,In Utero - 20th Anniversary Remaster,,False,True,False
218,Pennyroyal Tea,In Utero - 20th Anniversary Remaster,,False,True,False
219,Radio Friendly Unit Shifter,In Utero - 20th Anniversary Remaster,,False,True,False
220,Tourette's,In Utero - 20th Anniversary Remaster,,False,True,False
221,All Apologies,In Utero - 20th Anniversary Remaster,,False,True,False
222,Serve The Servants,In Utero - 20th Anniversary - Deluxe Edition,,False,True,False
223,Scentless Apprentice,In Utero - 20th Anniversary - Deluxe Edition,,False,True,False
224,Heart-Shaped Box,In Utero - 20th Anniversary - Deluxe Edition,,False,True,False
225,Rape Me,In Utero - 20th Anniversary - Deluxe Edition,,False,True,False
226,Frances Farmer Will Have Her Revenge On Seattle,In Utero - 20th Anniversary - Deluxe Edition,,False,True,False
227,Dumb,In Utero - 20th Anniversary - Deluxe Edition,,False,True,False
228,Very Ape,In Utero - 20th Anniversary - Deluxe Edition,,False,True,False
229,Milk It,In Utero - 20th Anniversary - Deluxe Edition,,False,True,False
230,Pennyroyal Tea,In Utero - 20th Anniversary - Deluxe Edition,,False,True,False
231,Radio Friendly Unit Shifter,In Utero - 20th Anniversary - Deluxe Edition,,False,True,False
232,Tourette's,In Utero - 20th Anniversary - Deluxe Edition,,False,True,False
233,All Apologies,In Utero - 20th Anniversary - Deluxe Edition,,False,True,False
234,Gallons Of Rubbing Alcohol Flow Through The Strip,In Utero - 20th Anniversary - Deluxe Edition,,False,True,False
235,Marigold,In Utero - 20th Anniversary - Deluxe Edition,,False,True,False
236,Moist Vagina - 2013 Mix,In Utero - 20th Anniversary - Deluxe Edition,,False,True,False
237,Sappy - 2013 Mix,In Utero - 20th Anniversary - Deluxe Edition,,False,True,False
238,I Hate Myself And Want To Die - 2013 Mix,In Utero - 20th Anniversary - Deluxe Edition,,False,True,False
239,Pennyroyal Tea - Scott Litt Mix,In Utero - 20th Anniversary - Deluxe Edition,,False,True,False
240,Heart Shaped Box - Original Steve Albini 1993 Mix,In Utero - 20th Anniversary - Deluxe Edition,,False,True,False
241,All Apologies - Original Steve Albini 1993 Mix,In Utero - 20th Anniversary - Deluxe Edition,,False,True,False
242,Serve The Servants - 2013 Mix,In Utero - 20th Anniversary - Deluxe Edition,,False,True,False
243,Scentless Apprentice - 2013 Mix,In Utero - 20th Anniversary - Deluxe Edition,,False,True,False
244,Heart Shaped Box - 2013 Mix,In Utero - 20th Anniversary - Deluxe Edition,,False,True,False
245,Rape Me - 2013 Mix,In Utero - 20th Anniversary - Deluxe Edition,,False,True,False
246,Frances Farmer Will Have Her Revenge On Seattle - 2013 Mix,In Utero - 20th Anniversary - Deluxe Edition,,False,True,False
247,Dumb - 2013 Mix,In Utero - 20th Anniversary - Deluxe Edition,,False,True,False
248,Very Ape - 2013 Mix,In Utero - 20th Anniversary - Deluxe Edition,,False,True,False
249,Milk It - 2013 Mix,In Utero - 20th Anniversary - Deluxe Edition,,False,True,False
250,Pennyroyal Tea - 2013 Mix,In Utero - 20th Anniversary - Deluxe Edition,,False,True,False
251,Radio Friendly Unit Shifter - 2013 Mix,In Utero - 20th Anniversary - Deluxe Edition,,False,True,False
252,Tourette's - 2013 Mix,In Utero - 20th Anniversary - Deluxe Edition,,False,True,False
253,All Apologies - 2013 Mix,In Utero - 20th Anniversary - Deluxe Edition,,False,True,False
254,Scentless Apprentice - Demo,In Utero - 20th Anniversary - Deluxe Edition,,False,True,False
255,Frances Farmer Will Have Her Revenge On Seattle - Demo / Instrumental,In Utero - 20th Anniversary - Deluxe Edition,,False,True,False
256,Dumb - Demo / Instrumental,In Utero - 20th Anniversary - Deluxe Edition,,False,True,False
257,Very Ape - Demo / Instrumental,In Utero - 20th Anniversary - Deluxe Edition,,False,True,False
258,Pennyroyal Tea - Demo / Instrumental,In Utero - 20th Anniversary - Deluxe Edition,,False,True,False
259,Radio Friendly Unit Shifter - Demo / Instrumental,In Utero - 20th Anniversary - Deluxe Edition,,False,True,False
260,Tourette's - Demo / Instrumental,In Utero - 20th Anniversary - Deluxe Edition,,False,True,False
261,Marigold - Demo,In Utero - 20th Anniversary - Deluxe Edition,,False,True,False
262,All Apologies - Demo,In Utero - 20th Anniversary - Deluxe Edition,,False,True,False
263,Forgotten Tune - Demo / Instrumental,In Utero - 20th Anniversary - Deluxe Edition,,False,True,False
264,Jam - Demo,In Utero - 20th Anniversary - Deluxe Edition,,False,True,False
265,Dive,Incesticide,,False,True,False
266,Sliver,Incesticide,,False,True,False
267,Stain,Incesticide,,False,True,False
268,Been A Son - BBC Mark Goodier Session,Incesticide,,False,True,False
269,Turnaround - BBC John Peel Session 1990,Incesticide,,False,True,False
270,Molly's Lips - BBC John Peel Session 1990,Incesticide,,False,True,False
271,Son Of A Gun - BBC John Peel Session 1990,Incesticide,,False,True,False
272,(New Wave) Polly - BBC Mark Goodier Session,Incesticide,,False,True,False
273,Beeswax,Incesticide,,False,True,False
274,Downer,Incesticide,,False,True,False
275,Mexican Seafood,Incesticide,,False,True,False
276,Hairspray Queen,Incesticide,,False,True,False
277,Aero Zeppelin,Incesticide,,False,True,False
278,Big Long Now,Incesticide,,False,True,False
279,Aneurysm,Incesticide,,False,True,False
280,Smells Like Teen Spirit,Nevermind (Super Deluxe Edition),,False,True,False
281,In Bloom,Nevermind (Super Deluxe Edition),,False,True,False
282,Come As You Are,Nevermind (Super Deluxe Edition),,False,True,False
283,Breed,Nevermind (Super Deluxe Edition),,False,True,False
284,Lithium,Nevermind (Super Deluxe Edition),,False,True,False
285,Polly,Nevermind (Super Deluxe Edition),,False,True,False
286,Territorial Pissings,Nevermind (Super Deluxe Edition),,False,True,False
287,Drain You,Nevermind (Super Deluxe Edition),,False,True,False
288,Lounge Act,Nevermind (Super Deluxe Edition),,False,True,False
289,Stay Away,Nevermind (Super Deluxe Edition),,False,True,False
290,On A Plain,Nevermind (Super Deluxe Edition),,False,True,False
291,Something In The Way,Nevermind (Super Deluxe Edition),,False,True,False
292,"Endless, Nameless",Nevermind (Super Deluxe Edition),,False,True,False
293,Even In His Youth - B-Side,Nevermind (Super Deluxe Edition),,False,True,False
294,Aneurysm,Nevermind (Super Deluxe Edition),,False,True,False
295,Curmudgeon,Nevermind (Super Deluxe Edition),,False,True,False
296,D-7 - Live At The BBC,Nevermind (Super Deluxe Edition),,False,True,False
297,Been A Son - Live At Paramount Theatre B-Side,Nevermind (Super Deluxe Edition),,False,True,False
298,School - Live At Paramount Theatre/1991,Nevermind (Super Deluxe Edition),,False,True,False
299,Drain You - Live At Paramount Theatre B-Side,Nevermind (Super Deluxe Edition),,False,True,False
300,Sliver - Live At Del Mar B-Side,Nevermind (Super Deluxe Edition),,False,True,False
301,Polly - Live At Del Mar B-Side,Nevermind (Super Deluxe Edition),,False,True,False
302,In Bloom - Smart Sessions,Nevermind (Super Deluxe Edition),,False,True,False
303,Immodium (Breed) - Smart Sessions,Nevermind (Super Deluxe Edition),,False,True,False
304,Lithium - Smart Sessions,Nevermind (Super Deluxe Edition),,False,True,False
305,Polly - Smart Sessions,Nevermind (Super Deluxe Edition),,False,True,False
306,Pay To Play - Smart Sessions,Nevermind (Super Deluxe Edition),,False,True,False
307,Here She Comes Now - Smart Sessions,Nevermind (Super Deluxe Edition),,False,True,False
308,Dive - Smart Sessions,Nevermind (Super Deluxe Edition),,False,True,False
309,Sappy - Smart Sessions,Nevermind (Super Deluxe Edition),,False,True,False
310,Smells Like Teen Spirit - Boombox Rehearsals,Nevermind (Super Deluxe Edition),,False,True,False
311,Verse Chorus Verse - Boombox Rehearsals,Nevermind (Super Deluxe Edition),,False,True,False
312,Territorial Pissings - Boombox Rehearsals,Nevermind (Super Deluxe Edition),,False,True,False
313,Lounge Act - Boombox Rehearsals,Nevermind (Super Deluxe Edition),,False,True,False
314,Come As You Are - Boombox Rehearsals,Nevermind (Super Deluxe Edition),,False,True,False
315,Old Age - Boombox Rehearsals,Nevermind (Super Deluxe Edition),,False,True,False
316,Something In The Way - Boombox Rehearsals,Nevermind (Super Deluxe Edition),,False,True,False
317,On A Plain - Boombox Rehearsals,Nevermind (Super Deluxe Edition),,False,True,False
318,Drain You - Live At The BBC,Nevermind (Super Deluxe Edition),,False,True,False
319,Something In The Way - Live At The BBC,Nevermind (Super Deluxe Edition),,False,True,False
320,Smells Like Teen Spirit - Devonshire Mix,Nevermind (Super Deluxe Edition),,False,True,False
321,In Bloom - Devonshire Mix,Nevermind (Super Deluxe Edition),,False,True,False
322,Come As You Are - Devonshire Mix,Nevermind (Super Deluxe Edition),,False,True,False
323,Breed - Devonshire Mix,Nevermind (Super Deluxe Edition),,False,True,False
324,Lithium - Devonshire Mix,Nevermind (Super Deluxe Edition),,False,True,False
325,Territorial Pissings - Devonshire Mix,Nevermind (Super Deluxe Edition),,False,True,False
326,Drain You - Devonshire Mix,Nevermind (Super Deluxe Edition),,False,True,False
327,Lounge Act - Devonshire Mix,Nevermind (Super Deluxe Edition),,False,True,False
328,Stay Away - Devonshire Mix,Nevermind (Super Deluxe Edition),,False,True,False
329,On A Plain - Devonshire Mix,Nevermind (Super Deluxe Edition),,False,True,False
330,Smells Like Teen Spirit,Nevermind (Remastered),,False,True,False
331,In Bloom,Nevermind (Remastered),,False,True,False
332,Come As You Are,Nevermind (Remastered),,False,True,False
333,Breed,Nevermind (Remastered),,False,True,False
334,Lithium,Nevermind (Remastered),,False,True,False
335,Polly,Nevermind (Remastered),,False,True,False
336,Territorial Pissings,Nevermind (Remastered),,False,True,False
337,Drain You,Nevermind (Remastered),,False,True,False
338,Lounge Act,Nevermind (Remastered),,False,True,False
339,Stay Away,Nevermind (Remastered),,False,True,False
340,On A Plain,Nevermind (Remastered),,False,True,False
341,Something In The Way,Nevermind (Remastered),,False,True,False
342,"Endless, Nameless",Nevermind (Remastered),,False,True,False
343,Smells Like Teen Spirit,Nevermind (Deluxe Edition),,False,True,False
344,In Bloom,Nevermind (Deluxe Edition),,False,True,False
345,Come As You Are,Nevermind (Deluxe Edition),,False,True,False
346,Breed,Nevermind (Deluxe Edition),,False,True,False
347,Lithium,Nevermind (Deluxe Edition),,False,True,False
348,Polly,Nevermind (Deluxe Edition),,False,True,False
349,Territorial Pissings,Nevermind (Deluxe Edition),,False,True,False
350,Drain You,Nevermind (Deluxe Edition),,False,True,False
351,Lounge Act,Nevermind (Deluxe Edition),,False,True,False
352,Stay Away,Nevermind (Deluxe Edition),,False,True,False
353,On A Plain,Nevermind (Deluxe Edition),,False,True,False
354,Something In The Way,Nevermind (Deluxe Edition),,False,True,False
355,"Endless, Nameless",Nevermind (Deluxe Edition),,False,True,False
356,Even In His Youth - B-Side,Nevermind (Deluxe Edition),,False,True,False
357,Aneurysm,Nevermind (Deluxe Edition),,False,True,False
358,Curmudgeon,Nevermind (Deluxe Edition),,False,True,False
359,D-7 - Live At The BBC,Nevermind (Deluxe Edition),,False,True,False
360,Been A Son - Live At Paramount Theatre B-Side,Nevermind (Deluxe Edition),,False,True,False
361,School - Live At Paramount Theatre/1991,Nevermind (Deluxe Edition),,False,True,False
362,Drain You - Live At Paramount Theatre B-Side,Nevermind (Deluxe Edition),,False,True,False
363,Sliver - Live At Del Mar B-Side,Nevermind (Deluxe Edition),,False,True,False
364,Polly - Live At Del Mar B-Side,Nevermind (Deluxe Edition),,False,True,False
365,In Bloom - Smart Sessions,Nevermind (Deluxe Edition),,False,True,False
366,Immodium (Breed) - Smart Sessions,Nevermind (Deluxe Edition),,False,True,False
367,Lithium - Smart Sessions,Nevermind (Deluxe Edition),,False,True,False
368,Polly - Smart Sessions,Nevermind (Deluxe Edition),,False,True,False
369,Pay To Play - Smart Sessions,Nevermind (Deluxe Edition),,False,True,False
370,Here She Comes Now - Smart Sessions,Nevermind (Deluxe Edition),,False,True,False
371,Dive - Smart Sessions,Nevermind (Deluxe Edition),,False,True,False
372,Sappy - Smart Sessions,Nevermind (Deluxe Edition),,False,True,False
373,Smells Like Teen Spirit - Boombox Rehearsals,Nevermind (Deluxe Edition),,False,True,False
374,Verse Chorus Verse - Boombox Rehearsals,Nevermind (Deluxe Edition),,False,True,False
375,Territorial Pissings - Boombox Rehearsals,Nevermind (Deluxe Edition),,False,True,False
376,Lounge Act - Boombox Rehearsals,Nevermind (Deluxe Edition),,False,True,False
377,Come As You Are - Boombox Rehearsals,Nevermind (Deluxe Edition),,False,True,False
378,Old Age - Boombox Rehearsals,Nevermind (Deluxe Edition),,False,True,False
379,Something In The Way - Boombox Rehearsals,Nevermind (Deluxe Edition),,False,True,False
380,On A Plain - Boombox Rehearsals,Nevermind (Deluxe Edition),,False,True,False
381,Drain You - Live At The BBC,Nevermind (Deluxe Edition),,False,True,False
382,Something In The Way - Live At The BBC,Nevermind (Deluxe Edition),,False,True,False
383,Blew,Bleach (Deluxe Edition),,False,True,False
384,Floyd The Barber,Bleach (Deluxe Edition),,False,True,False
385,About A Girl,Bleach (Deluxe Edition),,False,True,False
386,School,Bleach (Deluxe Edition),,False,True,False
387,Love Buzz,Bleach (Deluxe Edition),,False,True,False
388,Paper Cuts,Bleach (Deluxe Edition),,False,True,False
389,Negative Creep,Bleach (Deluxe Edition),,False,True,False
390,Scoff,Bleach (Deluxe Edition),,False,True,False
391,Swap Meet,Bleach (Deluxe Edition),,False,True,False
392,Mr. Moustache,Bleach (Deluxe Edition),,False,True,False
393,Sifting,Bleach (Deluxe Edition),,False,True,False
394,Big Cheese,Bleach (Deluxe Edition),,False,True,False
395,Downer,Bleach (Deluxe Edition),,False,True,False
396,Intro (Live at Pine Street Theatre),Bleach (Deluxe Edition),,False,True,False
397,School (Live at Pine Street Theatre),Bleach (Deluxe Edition),,False,True,False
398,Floyd The Barber (Live at Pine Street Theatre),Bleach (Deluxe Edition),,False,True,False
399,Dive (Live at Pine Street Theatre),Bleach (Deluxe Edition),,False,True,False
400,Love Buzz (Live at Pine Street Theatre),Bleach (Deluxe Edition),,False,True,False
401,Spank Thru (Live at Pine Street Theatre),Bleach (Deluxe Edition),,False,True,False
402,Molly's Lips (Live at Pine Street Theatre),Bleach (Deluxe Edition),,False,True,False
403,Sappy (Live at Pine Street Theatre),Bleach (Deluxe Edition),,False,True,False
404,Scoff (Live at Pine Street Theatre),Bleach (Deluxe Edition),,False,True,False
405,About A Girl (Live at Pine Street Theatre),Bleach (Deluxe Edition),,False,True,False
406,Been A Son (Live at Pine Street Theatre),Bleach (Deluxe Edition),,False,True,False
407,Blew (Live at Pine Street Theatre),Bleach (Deluxe Edition),,False,True,False
408,Blew,Bleach,,False,True,False
409,Floyd The Barber,Bleach,,False,True,False
410,About A Girl,Bleach,,False,True,False
411,School,Bleach,,False,True,False
412,Love Buzz,Bleach,,False,True,False
413,Paper Cuts,Bleach,,False,True,False
414,Negative Creep,Bleach,,False,True,False
415,Scoff,Bleach,,False,True,False
416,Swap Meet,Bleach,,False,True,False
417,Mr. Moustache,Bleach,,False,True,False
418,Sifting,Bleach,,False,True,False
419,Big Cheese,Bleach,,False,True,False
420,Downer,Bleach,,False,True,False
421,Blew,,Sliver - The Best Of The Box,False,False,True
422,Floyd The Barber,,Sliver - The Best Of The Box,False,False,True
423,About A Girl,,Sliver - The Best Of The Box,False,False,True
424,School,,Sliver - The Best Of The Box,False,False,True
425,Love Buzz,,Sliver - The Best Of The Box,False,False,True
426,Paper Cuts,,Sliver - The Best Of The Box,False,False,True
427,Negative Creep,,Sliver - The Best Of The Box,False,False,True
428,Scoff,,Sliver - The Best Of The Box,False,False,True
429,Swap Meet,,Sliver - The Best Of The Box,False,False,True
430,Mr. Moustache,,Sliver - The Best Of The Box,False,False,True
431,Sifting,,Sliver - The Best Of The Box,False,False,True
432,Big Cheese,,Sliver - The Best Of The Box,False,False,True
433,Downer,,Sliver - The Best Of The Box,False,False,True
434,Blew,,With The Lights Out - Box Set,False,False,True
435,Floyd The Barber,,With The Lights Out - Box Set,False,False,True
436,About A Girl,,With The Lights Out - Box Set,False,False,True
437,School,,With The Lights Out - Box Set,False,False,True
438,Love Buzz,,With The Lights Out - Box Set,False,False,True
439,Paper Cuts,,With The Lights Out - Box Set,False,False,True
440,Negative Creep,,With The Lights Out - Box Set,False,False,True
441,Scoff,,With The Lights Out - Box Set,False,False,True
442,Swap Meet,,With The Lights Out - Box Set,False,False,True
443,Mr. Moustache,,With The Lights Out - Box Set,False,False,True
444,Sifting,,With The Lights Out - Box Set,False,False,True
445,Big Cheese,,With The Lights Out - Box Set,False,False,True
446,Downer,,With The Lights Out - Box Set,False,False,True
447,Blew,,Nirvana,False,False,True
448,Floyd The Barber,,Nirvana,False,False,True
449,About A Girl,,Nirvana,False,False,True
450,School,,Nirvana,False,False,True
451,Love Buzz,,Nirvana,False,False,True
452,Paper Cuts,,Nirvana,False,False,True
453,Negative Creep,,Nirvana,False,False,True
454,Scoff,,Nirvana,False,False,True
455,Swap Meet,,Nirvana,False,False,True
456,Mr. Moustache,,Nirvana,False,False,True
457,Sifting,,Nirvana,False,False,True
458,Big Cheese,,Nirvana,False,False,True
459,Downer,,Nirvana,False,False,True
460,Blew,,,True,False,False
461,Floyd The Barber,,,True,False,False
462,About A Girl,,,True,False,False
463,School,,,True,False,False
464,Love Buzz,,,True,False,False
465,Paper Cuts,,,True,False,False
466,Negative Creep,,,True,False,False
467,Scoff,,,True,False,False
468,Swap Meet,,,True,False,False
469,Mr. Moustache,,,True,False,False
470,Sifting,,,True,False,False
471,Big Cheese,,,True,False,False
472,Downer,,,True,False,False
473,Blew,,,True,False,False
474,Floyd The Barber,,,True,False,False
475,About A Girl,,,True,False,False
476,School,,,True,False,False
477,Love Buzz,,,True,False,False
478,Paper Cuts,,,True,False,False
479,Negative Creep,,,True,False,False
480,Scoff,,,True,False,False
481,Swap Meet,,,True,False,False
482,Mr. Moustache,,,True,False,False
483,Sifting,,,True,False,False
484,Big Cheese,,,True,False,False
485,Downer,,,True,False,False
486,Blew,,,True,False,False
487,Floyd The Barber,,,True,False,False
488,About A Girl,,,True,False,False
489,School,,,True,False,False
490,Love Buzz,,,True,False,False
491,Paper Cuts,,,True,False,False
492,Negative Creep,,,True,False,False
493,Scoff,,,True,False,False
494,Swap Meet,,,True,False,False
495,Mr. Moustache,,,True,False,False
496,Sifting,,,True,False,False
497,Big Cheese,,,True,False,False
498,Downer,,,True,False,False
499,Blew,,,True,False,False
500,Floyd The Barber,,,True,False,False
501,About A Girl,,,True,False,False
502,School,,,True,False,False
503,Love Buzz,,,True,False,False
504,Paper Cuts,,,True,False,False
505,Negative Creep,,,True,False,False
506,Scoff,,,True,False,False
507,Swap Meet,,,True,False,False
508,Mr. Moustache,,,True,False,False
509,Sifting,,,True,False,False
510,Big Cheese,,,True,False,False
511,Downer,,,True,False,False
512,Blew,,,True,False,False
513,Floyd The Barber,,,True,False,False
514,About A Girl,,,True,False,False
515,School,,,True,False,False
516,Love Buzz,,,True,False,False
517,Paper Cuts,,,True,False,False
518,Negative Creep,,,True,False,False
519,Scoff,,,True,False,False
520,Swap Meet,,,True,False,False
521,Mr. Moustache,,,True,False,False
522,Sifting,,,True,False,False
523,Big Cheese,,,True,False,False
524,Downer,,,True,False,False
